{
  "clients_analyzed": 4149,
  "avg_frequency_change": -0.11689563750301278,
  "avg_amount_change": 10050.821545120003,
  "method_change_rate": 0.7688599662569294
}