{
  "historical_adoption_rate": 0.4003253355022367,
  "current_adoption_rate": 0.501057481385969,
  "adoption_growth": 0.10073214588373225
}